,NID,NUMCTRL,GLLID,FACEID,ix,iy,iz,x,y,z
0,0,150,97,1,1,1,1,0.0,0.0,0.6000000000000001
1,0,150,97,1,1,1,2,0.0,0.0,0.6234944676070537
2,0,150,97,1,1,1,3,0.0,0.0,0.6714768483519356
3,0,150,97,1,1,1,4,0.0,0.0,0.7285231516480646
4,0,150,97,1,1,1,5,0.0,0.0,0.7765055323929466
5,0,150,97,1,2,1,1,0.07841278563854105,0.0,0.6000000000000002
6,0,150,97,1,2,1,3,0.07841278563854105,0.0,0.6714768483519358
7,0,150,97,1,2,1,4,0.07841278563854105,0.0,0.7285231516480647
8,0,150,97,1,2,1,2,0.07841278563854107,0.0,0.6234944676070537
9,0,150,97,1,2,1,5,0.07841278563854107,0.0,0.7765055323929467
10,0,150,97,1,3,1,1,0.23855398137458467,0.0,0.6000000000000001
11,0,150,97,1,3,1,3,0.23855398137458467,0.0,0.6714768483519356
12,0,150,97,1,3,1,4,0.23855398137458467,0.0,0.7285231516480646
13,0,150,97,1,3,1,5,0.23855398137458467,0.0,0.7765055323929466
14,0,150,97,1,3,1,2,0.23855398137458475,0.0,0.6234944676070537
15,0,150,97,1,4,1,1,0.4289460186254153,0.0,0.6000000000000001
16,0,150,97,1,4,1,3,0.4289460186254153,0.0,0.6714768483519356
17,0,150,97,1,4,1,4,0.4289460186254153,0.0,0.7285231516480646
18,0,150,97,1,4,1,5,0.4289460186254153,0.0,0.7765055323929466
19,0,150,97,1,4,1,2,0.4289460186254155,0.0,0.6234944676070537
20,0,150,97,1,5,1,1,0.5890872143614592,0.0,0.6000000000000002
21,0,150,97,1,5,1,2,0.5890872143614592,0.0,0.6234944676070537
22,0,150,97,1,5,1,3,0.5890872143614592,0.0,0.6714768483519358
23,0,150,97,1,5,1,4,0.5890872143614592,0.0,0.7285231516480647
24,0,150,97,1,5,1,5,0.5890872143614592,0.0,0.7765055323929467
25,0,150,98,1,1,1,1,0.6675,0.0,0.6000000000000001
26,0,150,98,1,1,1,2,0.6675,0.0,0.6234944676070537
27,0,150,98,1,1,1,3,0.6675,0.0,0.6714768483519356
28,0,150,98,1,1,1,4,0.6675,0.0,0.7285231516480646
29,0,150,98,1,1,1,5,0.6675,0.0,0.7765055323929466
30,0,150,98,1,2,1,1,0.7459127856385415,0.0,0.6000000000000002
31,0,150,98,1,2,1,2,0.7459127856385415,0.0,0.6234944676070537
32,0,150,98,1,2,1,3,0.7459127856385415,0.0,0.6714768483519358
33,0,150,98,1,2,1,4,0.7459127856385415,0.0,0.7285231516480647
34,0,150,98,1,2,1,5,0.7459127856385415,0.0,0.7765055323929467
35,0,150,98,1,3,1,1,0.9060539813745847,0.0,0.6000000000000001
36,0,150,98,1,3,1,3,0.9060539813745847,0.0,0.6714768483519356
37,0,150,98,1,3,1,4,0.9060539813745847,0.0,0.7285231516480646
38,0,150,98,1,3,1,5,0.9060539813745848,0.0,0.7765055323929466
39,0,150,98,1,3,1,2,0.9060539813745851,0.0,0.6234944676070537
40,0,150,98,1,4,1,1,1.0964460186254152,0.0,0.6000000000000001
41,0,150,98,1,4,1,2,1.0964460186254152,0.0,0.6234944676070537
42,0,150,98,1,4,1,3,1.0964460186254152,0.0,0.6714768483519356
43,0,150,98,1,4,1,4,1.0964460186254152,0.0,0.7285231516480646
44,0,150,98,1,4,1,5,1.0964460186254152,0.0,0.7765055323929466
45,0,150,98,1,5,1,1,1.2565872143614587,0.0,0.6000000000000002
46,0,150,98,1,5,1,2,1.2565872143614587,0.0,0.6234944676070537
47,0,150,98,1,5,1,3,1.2565872143614587,0.0,0.6714768483519358
48,0,150,98,1,5,1,4,1.2565872143614587,0.0,0.7285231516480647
49,0,150,98,1,5,1,5,1.2565872143614587,0.0,0.7765055323929467
50,0,150,67,1,1,1,1,1.335,0.0,0.4
51,0,150,67,1,1,1,2,1.335,0.0,0.4234944676070537
52,0,150,67,1,1,1,3,1.335,0.0,0.47147684835193554
53,0,150,67,1,1,1,4,1.335,0.0,0.5285231516480646
54,0,150,67,1,1,1,5,1.335,0.0,0.5765055323929467
55,0,150,99,1,1,1,1,1.335,0.0,0.6000000000000001
56,0,150,99,1,1,1,2,1.335,0.0,0.6234944676070537
57,0,150,99,1,1,1,3,1.335,0.0,0.6714768483519356
58,0,150,99,1,1,1,4,1.335,0.0,0.7285231516480646
59,0,150,99,1,1,1,5,1.335,0.0,0.7765055323929466
60,0,150,67,1,2,1,1,1.4134127856385417,0.0,0.4000000000000001
61,0,150,67,1,2,1,2,1.4134127856385417,0.0,0.423494467607054
62,0,150,67,1,2,1,3,1.4134127856385417,0.0,0.47147684835193576
63,0,150,67,1,2,1,4,1.4134127856385417,0.0,0.5285231516480644
64,0,150,67,1,2,1,5,1.4134127856385417,0.0,0.5765055323929467
65,0,150,99,1,2,1,1,1.4134127856385417,0.0,0.6000000000000002
66,0,150,99,1,2,1,2,1.4134127856385417,0.0,0.6234944676070537
67,0,150,99,1,2,1,3,1.4134127856385417,0.0,0.6714768483519358
68,0,150,99,1,2,1,4,1.4134127856385417,0.0,0.7285231516480647
69,0,150,99,1,2,1,5,1.4134127856385417,0.0,0.7765055323929467
70,0,150,67,1,3,1,1,1.5735539813745847,0.0,0.4
71,0,150,67,1,3,1,3,1.5735539813745847,0.0,0.47147684835193554
72,0,150,67,1,3,1,4,1.5735539813745847,0.0,0.5285231516480646
73,0,150,99,1,3,1,1,1.5735539813745847,0.0,0.6000000000000001
74,0,150,99,1,3,1,3,1.5735539813745847,0.0,0.6714768483519356
75,0,150,99,1,3,1,4,1.5735539813745847,0.0,0.7285231516480646
76,0,150,67,1,3,1,2,1.573553981374585,0.0,0.4234944676070537
77,0,150,67,1,3,1,5,1.573553981374585,0.0,0.5765055323929467
78,0,150,99,1,3,1,2,1.573553981374585,0.0,0.6234944676070537
79,0,150,99,1,3,1,5,1.573553981374585,0.0,0.7765055323929466
80,0,150,67,1,4,1,1,1.7639460186254152,0.0,0.4
81,0,150,67,1,4,1,3,1.7639460186254152,0.0,0.47147684835193554
82,0,150,67,1,4,1,4,1.7639460186254152,0.0,0.5285231516480646
83,0,150,67,1,4,1,5,1.7639460186254152,0.0,0.5765055323929467
84,0,150,99,1,4,1,1,1.7639460186254152,0.0,0.6000000000000001
85,0,150,99,1,4,1,3,1.7639460186254152,0.0,0.6714768483519356
86,0,150,99,1,4,1,4,1.7639460186254152,0.0,0.7285231516480646
87,0,150,99,1,4,1,5,1.7639460186254152,0.0,0.7765055323929466
88,0,150,67,1,4,1,2,1.763946018625416,0.0,0.4234944676070537
89,0,150,99,1,4,1,2,1.763946018625416,0.0,0.6234944676070537
90,0,150,67,1,5,1,1,1.924087214361459,0.0,0.4000000000000001
91,0,150,67,1,5,1,3,1.924087214361459,0.0,0.4714768483519356
92,0,150,67,1,5,1,4,1.924087214361459,0.0,0.5285231516480647
93,0,150,67,1,5,1,5,1.924087214361459,0.0,0.5765055323929467
94,0,150,99,1,5,1,1,1.924087214361459,0.0,0.6000000000000002
95,0,150,99,1,5,1,3,1.924087214361459,0.0,0.6714768483519358
96,0,150,99,1,5,1,4,1.924087214361459,0.0,0.7285231516480647
97,0,150,99,1,5,1,5,1.924087214361459,0.0,0.7765055323929467
98,0,150,67,1,5,1,2,1.9240872143614596,0.0,0.42349446760705384
99,0,150,99,1,5,1,2,1.9240872143614596,0.0,0.6234944676070537
100,0,150,68,1,1,1,2,2.0024999999999986,0.0,0.4234944676070537
101,0,150,100,1,1,1,2,2.0024999999999986,0.0,0.6234944676070537
102,0,150,68,1,1,1,1,2.0025,0.0,0.4
103,0,150,68,1,1,1,3,2.0025,0.0,0.47147684835193554
104,0,150,68,1,1,1,4,2.0025,0.0,0.5285231516480646
105,0,150,68,1,1,1,5,2.0025,0.0,0.5765055323929467
106,0,150,100,1,1,1,1,2.0025,0.0,0.6000000000000001
107,0,150,100,1,1,1,3,2.0025,0.0,0.6714768483519356
108,0,150,100,1,1,1,4,2.0025,0.0,0.7285231516480646
109,0,150,100,1,1,1,5,2.0025,0.0,0.7765055323929466
110,0,150,68,1,2,1,2,2.0809127856385383,0.0,0.423494467607054
111,0,150,100,1,2,1,2,2.0809127856385383,0.0,0.6234944676070537
112,0,150,68,1,2,1,1,2.0809127856385397,0.0,0.4000000000000001
113,0,150,68,1,2,1,3,2.0809127856385397,0.0,0.47147684835193576
114,0,150,68,1,2,1,4,2.0809127856385397,0.0,0.5285231516480644
115,0,150,68,1,2,1,5,2.0809127856385397,0.0,0.5765055323929467
116,0,150,100,1,2,1,1,2.0809127856385397,0.0,0.6000000000000002
117,0,150,100,1,2,1,3,2.0809127856385397,0.0,0.6714768483519358
118,0,150,100,1,2,1,4,2.0809127856385397,0.0,0.7285231516480647
119,0,150,100,1,2,1,5,2.0809127856385397,0.0,0.7765055323929467
120,0,150,68,1,3,1,1,2.2410539813745847,0.0,0.4
121,0,150,68,1,3,1,2,2.2410539813745847,0.0,0.4234944676070537
122,0,150,68,1,3,1,3,2.2410539813745847,0.0,0.47147684835193554
123,0,150,68,1,3,1,4,2.2410539813745847,0.0,0.5285231516480646
124,0,150,68,1,3,1,5,2.2410539813745847,0.0,0.5765055323929467
125,0,150,100,1,3,1,1,2.2410539813745847,0.0,0.6000000000000001
126,0,150,100,1,3,1,2,2.2410539813745847,0.0,0.6234944676070537
127,0,150,100,1,3,1,3,2.2410539813745847,0.0,0.6714768483519356
128,0,150,100,1,3,1,4,2.2410539813745847,0.0,0.7285231516480646
129,0,150,100,1,3,1,5,2.2410539813745847,0.0,0.7765055323929466
130,0,150,68,1,4,1,1,2.431446018625415,0.0,0.4
131,0,150,68,1,4,1,2,2.431446018625415,0.0,0.4234944676070537
132,0,150,68,1,4,1,3,2.431446018625415,0.0,0.47147684835193554
133,0,150,68,1,4,1,4,2.431446018625415,0.0,0.5285231516480646
134,0,150,68,1,4,1,5,2.431446018625415,0.0,0.5765055323929467
135,0,150,100,1,4,1,1,2.431446018625415,0.0,0.6000000000000001
136,0,150,100,1,4,1,2,2.431446018625415,0.0,0.6234944676070537
137,0,150,100,1,4,1,3,2.431446018625415,0.0,0.6714768483519356
138,0,150,100,1,4,1,4,2.431446018625415,0.0,0.7285231516480646
139,0,150,100,1,4,1,5,2.431446018625415,0.0,0.7765055323929466
140,0,150,68,1,5,1,1,2.591587214361459,0.0,0.4000000000000001
141,0,150,68,1,5,1,2,2.591587214361459,0.0,0.42349446760705384
142,0,150,68,1,5,1,3,2.591587214361459,0.0,0.4714768483519356
143,0,150,68,1,5,1,4,2.591587214361459,0.0,0.5285231516480647
144,0,150,68,1,5,1,5,2.591587214361459,0.0,0.5765055323929467
145,0,150,100,1,5,1,1,2.591587214361459,0.0,0.6000000000000002
146,0,150,100,1,5,1,2,2.591587214361459,0.0,0.6234944676070537
147,0,150,100,1,5,1,3,2.591587214361459,0.0,0.6714768483519358
148,0,150,100,1,5,1,4,2.591587214361459,0.0,0.7285231516480647
149,0,150,100,1,5,1,5,2.591587214361459,0.0,0.7765055323929467
150,1,150,65,1,1,1,1,0.0,0.0,0.4
151,1,150,65,1,1,1,2,0.0,0.0,0.4234944676070537
152,1,150,65,1,1,1,3,0.0,0.0,0.47147684835193554
153,1,150,65,1,1,1,4,0.0,0.0,0.5285231516480646
154,1,150,65,1,1,1,5,0.0,0.0,0.5765055323929467
155,1,150,65,1,2,1,1,0.07841278563854105,0.0,0.4000000000000001
156,1,150,65,1,2,1,3,0.07841278563854105,0.0,0.47147684835193576
157,1,150,65,1,2,1,4,0.07841278563854105,0.0,0.5285231516480644
158,1,150,65,1,2,1,2,0.07841278563854107,0.0,0.423494467607054
159,1,150,65,1,2,1,5,0.07841278563854107,0.0,0.5765055323929467
160,1,150,65,1,3,1,1,0.23855398137458467,0.0,0.4
161,1,150,65,1,3,1,3,0.23855398137458467,0.0,0.47147684835193554
162,1,150,65,1,3,1,4,0.23855398137458467,0.0,0.5285231516480646
163,1,150,65,1,3,1,5,0.23855398137458467,0.0,0.5765055323929467
164,1,150,65,1,3,1,2,0.23855398137458475,0.0,0.4234944676070537
165,1,150,65,1,4,1,1,0.4289460186254153,0.0,0.4
166,1,150,65,1,4,1,3,0.4289460186254153,0.0,0.47147684835193554
167,1,150,65,1,4,1,4,0.4289460186254153,0.0,0.5285231516480646
168,1,150,65,1,4,1,5,0.4289460186254153,0.0,0.5765055323929467
169,1,150,65,1,4,1,2,0.4289460186254155,0.0,0.4234944676070537
170,1,150,65,1,5,1,1,0.5890872143614592,0.0,0.4000000000000001
171,1,150,65,1,5,1,2,0.5890872143614592,0.0,0.42349446760705384
172,1,150,65,1,5,1,3,0.5890872143614592,0.0,0.4714768483519356
173,1,150,65,1,5,1,4,0.5890872143614592,0.0,0.5285231516480647
174,1,150,65,1,5,1,5,0.5890872143614592,0.0,0.5765055323929467
175,1,150,66,1,1,1,1,0.6675,0.0,0.4
176,1,150,66,1,1,1,2,0.6675,0.0,0.4234944676070537
177,1,150,66,1,1,1,3,0.6675,0.0,0.47147684835193554
178,1,150,66,1,1,1,4,0.6675,0.0,0.5285231516480646
179,1,150,66,1,1,1,5,0.6675,0.0,0.5765055323929467
180,1,150,66,1,2,1,1,0.7459127856385415,0.0,0.4000000000000001
181,1,150,66,1,2,1,2,0.7459127856385415,0.0,0.423494467607054
182,1,150,66,1,2,1,3,0.7459127856385415,0.0,0.47147684835193576
183,1,150,66,1,2,1,4,0.7459127856385415,0.0,0.5285231516480644
184,1,150,66,1,2,1,5,0.7459127856385415,0.0,0.5765055323929467
185,1,150,66,1,3,1,1,0.9060539813745847,0.0,0.4
186,1,150,66,1,3,1,3,0.9060539813745847,0.0,0.47147684835193554
187,1,150,66,1,3,1,4,0.9060539813745847,0.0,0.5285231516480646
188,1,150,66,1,3,1,5,0.9060539813745848,0.0,0.5765055323929467
189,1,150,66,1,3,1,2,0.9060539813745851,0.0,0.4234944676070537
190,1,150,66,1,4,1,1,1.0964460186254152,0.0,0.4
191,1,150,66,1,4,1,2,1.0964460186254152,0.0,0.4234944676070537
192,1,150,66,1,4,1,3,1.0964460186254152,0.0,0.47147684835193554
193,1,150,66,1,4,1,4,1.0964460186254152,0.0,0.5285231516480646
194,1,150,66,1,4,1,5,1.0964460186254152,0.0,0.5765055323929467
195,1,150,66,1,5,1,1,1.2565872143614587,0.0,0.4000000000000001
196,1,150,66,1,5,1,2,1.2565872143614587,0.0,0.42349446760705384
197,1,150,66,1,5,1,3,1.2565872143614587,0.0,0.4714768483519356
198,1,150,66,1,5,1,4,1.2565872143614587,0.0,0.5285231516480647
199,1,150,66,1,5,1,5,1.2565872143614587,0.0,0.5765055323929467
200,1,150,3,1,1,1,1,1.335,0.0,0.0
201,1,150,3,1,1,1,2,1.335,0.0,0.023494467607053506
202,1,150,3,1,1,1,3,1.335,0.0,0.07147684835193549
203,1,150,3,1,1,1,4,1.335,0.0,0.12852315164806452
204,1,150,3,1,1,1,5,1.335,0.0,0.1765055323929465
205,1,150,35,1,1,1,1,1.335,0.0,0.2
206,1,150,35,1,1,1,2,1.335,0.0,0.22349446760705355
207,1,150,35,1,1,1,3,1.335,0.0,0.27147684835193553
208,1,150,35,1,1,1,4,1.335,0.0,0.32852315164806456
209,1,150,35,1,1,1,5,1.335,0.0,0.37650553239294654
210,1,150,3,1,2,1,1,1.4134127856385417,0.0,0.0
211,1,150,3,1,2,1,2,1.4134127856385417,0.0,0.02349446760705351
212,1,150,3,1,2,1,3,1.4134127856385417,0.0,0.0714768483519355
213,1,150,3,1,2,1,4,1.4134127856385417,0.0,0.12852315164806447
214,1,150,3,1,2,1,5,1.4134127856385417,0.0,0.17650553239294653
215,1,150,35,1,2,1,1,1.4134127856385417,0.0,0.20000000000000004
216,1,150,35,1,2,1,2,1.4134127856385417,0.0,0.2234944676070537
217,1,150,35,1,2,1,3,1.4134127856385417,0.0,0.27147684835193553
218,1,150,35,1,2,1,4,1.4134127856385417,0.0,0.3285231516480646
219,1,150,35,1,2,1,5,1.4134127856385417,0.0,0.3765055323929466
220,1,150,3,1,3,1,1,1.5735539813745847,0.0,0.0
221,1,150,3,1,3,1,3,1.5735539813745847,0.0,0.07147684835193549
222,1,150,3,1,3,1,4,1.5735539813745847,0.0,0.12852315164806452
223,1,150,35,1,3,1,1,1.5735539813745847,0.0,0.2
224,1,150,35,1,3,1,3,1.5735539813745847,0.0,0.27147684835193553
225,1,150,35,1,3,1,4,1.5735539813745847,0.0,0.32852315164806456
226,1,150,3,1,3,1,2,1.573553981374585,0.0,0.023494467607053506
227,1,150,3,1,3,1,5,1.573553981374585,0.0,0.1765055323929465
228,1,150,35,1,3,1,2,1.573553981374585,0.0,0.22349446760705355
229,1,150,35,1,3,1,5,1.573553981374585,0.0,0.37650553239294654
230,1,150,3,1,4,1,1,1.7639460186254152,0.0,0.0
231,1,150,3,1,4,1,3,1.7639460186254152,0.0,0.07147684835193549
232,1,150,3,1,4,1,4,1.7639460186254152,0.0,0.12852315164806452
233,1,150,3,1,4,1,5,1.7639460186254152,0.0,0.1765055323929465
234,1,150,35,1,4,1,1,1.7639460186254152,0.0,0.2
235,1,150,35,1,4,1,3,1.7639460186254152,0.0,0.27147684835193553
236,1,150,35,1,4,1,4,1.7639460186254152,0.0,0.32852315164806456
237,1,150,35,1,4,1,5,1.7639460186254152,0.0,0.37650553239294654
238,1,150,3,1,4,1,2,1.763946018625416,0.0,0.023494467607053506
239,1,150,35,1,4,1,2,1.763946018625416,0.0,0.22349446760705355
240,1,150,3,1,5,1,1,1.924087214361459,0.0,0.0
241,1,150,3,1,5,1,3,1.924087214361459,0.0,0.0714768483519355
242,1,150,3,1,5,1,4,1.924087214361459,0.0,0.12852315164806455
243,1,150,3,1,5,1,5,1.924087214361459,0.0,0.17650553239294653
244,1,150,35,1,5,1,1,1.924087214361459,0.0,0.20000000000000004
245,1,150,35,1,5,1,3,1.924087214361459,0.0,0.27147684835193553
246,1,150,35,1,5,1,4,1.924087214361459,0.0,0.3285231516480646
247,1,150,35,1,5,1,5,1.924087214361459,0.0,0.3765055323929466
248,1,150,3,1,5,1,2,1.9240872143614596,0.0,0.02349446760705351
249,1,150,35,1,5,1,2,1.9240872143614596,0.0,0.2234944676070536
250,1,150,4,1,1,1,2,2.0024999999999986,0.0,0.023494467607053506
251,1,150,36,1,1,1,2,2.0024999999999986,0.0,0.22349446760705355
252,1,150,4,1,1,1,1,2.0025,0.0,0.0
253,1,150,4,1,1,1,3,2.0025,0.0,0.07147684835193549
254,1,150,4,1,1,1,4,2.0025,0.0,0.12852315164806452
255,1,150,4,1,1,1,5,2.0025,0.0,0.1765055323929465
256,1,150,36,1,1,1,1,2.0025,0.0,0.2
257,1,150,36,1,1,1,3,2.0025,0.0,0.27147684835193553
258,1,150,36,1,1,1,4,2.0025,0.0,0.32852315164806456
259,1,150,36,1,1,1,5,2.0025,0.0,0.37650553239294654
260,1,150,4,1,2,1,2,2.0809127856385383,0.0,0.02349446760705351
261,1,150,36,1,2,1,2,2.0809127856385383,0.0,0.2234944676070537
262,1,150,4,1,2,1,1,2.0809127856385397,0.0,0.0
263,1,150,4,1,2,1,3,2.0809127856385397,0.0,0.0714768483519355
264,1,150,4,1,2,1,4,2.0809127856385397,0.0,0.12852315164806447
265,1,150,4,1,2,1,5,2.0809127856385397,0.0,0.17650553239294653
266,1,150,36,1,2,1,1,2.0809127856385397,0.0,0.20000000000000004
267,1,150,36,1,2,1,3,2.0809127856385397,0.0,0.27147684835193553
268,1,150,36,1,2,1,4,2.0809127856385397,0.0,0.3285231516480646
269,1,150,36,1,2,1,5,2.0809127856385397,0.0,0.3765055323929466
270,1,150,4,1,3,1,1,2.2410539813745847,0.0,0.0
271,1,150,4,1,3,1,2,2.2410539813745847,0.0,0.023494467607053506
272,1,150,4,1,3,1,3,2.2410539813745847,0.0,0.07147684835193549
273,1,150,4,1,3,1,4,2.2410539813745847,0.0,0.12852315164806452
274,1,150,4,1,3,1,5,2.2410539813745847,0.0,0.1765055323929465
275,1,150,36,1,3,1,1,2.2410539813745847,0.0,0.2
276,1,150,36,1,3,1,2,2.2410539813745847,0.0,0.22349446760705355
277,1,150,36,1,3,1,3,2.2410539813745847,0.0,0.27147684835193553
278,1,150,36,1,3,1,4,2.2410539813745847,0.0,0.32852315164806456
279,1,150,36,1,3,1,5,2.2410539813745847,0.0,0.37650553239294654
280,1,150,4,1,4,1,1,2.431446018625415,0.0,0.0
281,1,150,4,1,4,1,2,2.431446018625415,0.0,0.023494467607053506
282,1,150,4,1,4,1,3,2.431446018625415,0.0,0.07147684835193549
283,1,150,4,1,4,1,4,2.431446018625415,0.0,0.12852315164806452
284,1,150,4,1,4,1,5,2.431446018625415,0.0,0.1765055323929465
285,1,150,36,1,4,1,1,2.431446018625415,0.0,0.2
286,1,150,36,1,4,1,2,2.431446018625415,0.0,0.22349446760705355
287,1,150,36,1,4,1,3,2.431446018625415,0.0,0.27147684835193553
288,1,150,36,1,4,1,4,2.431446018625415,0.0,0.32852315164806456
289,1,150,36,1,4,1,5,2.431446018625415,0.0,0.37650553239294654
290,1,150,4,1,5,1,1,2.591587214361459,0.0,0.0
291,1,150,4,1,5,1,2,2.591587214361459,0.0,0.02349446760705351
292,1,150,4,1,5,1,3,2.591587214361459,0.0,0.0714768483519355
293,1,150,4,1,5,1,4,2.591587214361459,0.0,0.12852315164806455
294,1,150,4,1,5,1,5,2.591587214361459,0.0,0.17650553239294653
295,1,150,36,1,5,1,1,2.591587214361459,0.0,0.20000000000000004
296,1,150,36,1,5,1,2,2.591587214361459,0.0,0.2234944676070536
297,1,150,36,1,5,1,3,2.591587214361459,0.0,0.27147684835193553
298,1,150,36,1,5,1,4,2.591587214361459,0.0,0.3285231516480646
299,1,150,36,1,5,1,5,2.591587214361459,0.0,0.3765055323929466
300,2,100,1,1,1,1,1,0.0,0.0,0.0
301,2,100,1,1,1,1,2,0.0,0.0,0.023494467607053506
302,2,100,1,1,1,1,3,0.0,0.0,0.07147684835193549
303,2,100,1,1,1,1,4,0.0,0.0,0.12852315164806452
304,2,100,1,1,1,1,5,0.0,0.0,0.1765055323929465
305,2,100,33,1,1,1,1,0.0,0.0,0.2
306,2,100,33,1,1,1,2,0.0,0.0,0.22349446760705355
307,2,100,33,1,1,1,3,0.0,0.0,0.27147684835193553
308,2,100,33,1,1,1,4,0.0,0.0,0.32852315164806456
309,2,100,33,1,1,1,5,0.0,0.0,0.37650553239294654
310,2,100,1,1,2,1,1,0.07841278563854105,0.0,0.0
311,2,100,1,1,2,1,3,0.07841278563854105,0.0,0.0714768483519355
312,2,100,1,1,2,1,4,0.07841278563854105,0.0,0.12852315164806447
313,2,100,33,1,2,1,1,0.07841278563854105,0.0,0.20000000000000004
314,2,100,33,1,2,1,3,0.07841278563854105,0.0,0.27147684835193553
315,2,100,33,1,2,1,4,0.07841278563854105,0.0,0.3285231516480646
316,2,100,1,1,2,1,2,0.07841278563854107,0.0,0.02349446760705351
317,2,100,1,1,2,1,5,0.07841278563854107,0.0,0.17650553239294653
318,2,100,33,1,2,1,2,0.07841278563854107,0.0,0.2234944676070537
319,2,100,33,1,2,1,5,0.07841278563854107,0.0,0.3765055323929466
320,2,100,1,1,3,1,1,0.23855398137458467,0.0,0.0
321,2,100,1,1,3,1,3,0.23855398137458467,0.0,0.07147684835193549
322,2,100,1,1,3,1,4,0.23855398137458467,0.0,0.12852315164806452
323,2,100,1,1,3,1,5,0.23855398137458467,0.0,0.1765055323929465
324,2,100,33,1,3,1,1,0.23855398137458467,0.0,0.2
325,2,100,33,1,3,1,3,0.23855398137458467,0.0,0.27147684835193553
326,2,100,33,1,3,1,4,0.23855398137458467,0.0,0.32852315164806456
327,2,100,33,1,3,1,5,0.23855398137458467,0.0,0.37650553239294654
328,2,100,1,1,3,1,2,0.23855398137458475,0.0,0.023494467607053506
329,2,100,33,1,3,1,2,0.23855398137458475,0.0,0.22349446760705355
330,2,100,1,1,4,1,1,0.4289460186254153,0.0,0.0
331,2,100,1,1,4,1,3,0.4289460186254153,0.0,0.07147684835193549
332,2,100,1,1,4,1,4,0.4289460186254153,0.0,0.12852315164806452
333,2,100,1,1,4,1,5,0.4289460186254153,0.0,0.1765055323929465
334,2,100,33,1,4,1,1,0.4289460186254153,0.0,0.2
335,2,100,33,1,4,1,3,0.4289460186254153,0.0,0.27147684835193553
336,2,100,33,1,4,1,4,0.4289460186254153,0.0,0.32852315164806456
337,2,100,33,1,4,1,5,0.4289460186254153,0.0,0.37650553239294654
338,2,100,1,1,4,1,2,0.4289460186254155,0.0,0.023494467607053506
339,2,100,33,1,4,1,2,0.4289460186254155,0.0,0.22349446760705355
340,2,100,1,1,5,1,1,0.5890872143614592,0.0,0.0
341,2,100,1,1,5,1,2,0.5890872143614592,0.0,0.02349446760705351
342,2,100,1,1,5,1,3,0.5890872143614592,0.0,0.0714768483519355
343,2,100,1,1,5,1,4,0.5890872143614592,0.0,0.12852315164806455
344,2,100,1,1,5,1,5,0.5890872143614592,0.0,0.17650553239294653
345,2,100,33,1,5,1,1,0.5890872143614592,0.0,0.20000000000000004
346,2,100,33,1,5,1,2,0.5890872143614592,0.0,0.2234944676070536
347,2,100,33,1,5,1,3,0.5890872143614592,0.0,0.27147684835193553
348,2,100,33,1,5,1,4,0.5890872143614592,0.0,0.3285231516480646
349,2,100,33,1,5,1,5,0.5890872143614592,0.0,0.3765055323929466
350,2,100,2,1,1,1,1,0.6675,0.0,0.0
351,2,100,2,1,1,1,2,0.6675,0.0,0.023494467607053506
352,2,100,2,1,1,1,3,0.6675,0.0,0.07147684835193549
353,2,100,2,1,1,1,4,0.6675,0.0,0.12852315164806452
354,2,100,2,1,1,1,5,0.6675,0.0,0.1765055323929465
355,2,100,34,1,1,1,1,0.6675,0.0,0.2
356,2,100,34,1,1,1,2,0.6675,0.0,0.22349446760705355
357,2,100,34,1,1,1,3,0.6675,0.0,0.27147684835193553
358,2,100,34,1,1,1,4,0.6675,0.0,0.32852315164806456
359,2,100,34,1,1,1,5,0.6675,0.0,0.37650553239294654
360,2,100,2,1,2,1,1,0.7459127856385415,0.0,0.0
361,2,100,2,1,2,1,2,0.7459127856385415,0.0,0.02349446760705351
362,2,100,2,1,2,1,3,0.7459127856385415,0.0,0.0714768483519355
363,2,100,2,1,2,1,4,0.7459127856385415,0.0,0.12852315164806447
364,2,100,2,1,2,1,5,0.7459127856385415,0.0,0.17650553239294653
365,2,100,34,1,2,1,1,0.7459127856385415,0.0,0.20000000000000004
366,2,100,34,1,2,1,2,0.7459127856385415,0.0,0.2234944676070537
367,2,100,34,1,2,1,3,0.7459127856385415,0.0,0.27147684835193553
368,2,100,34,1,2,1,4,0.7459127856385415,0.0,0.3285231516480646
369,2,100,34,1,2,1,5,0.7459127856385415,0.0,0.3765055323929466
370,2,100,2,1,3,1,1,0.9060539813745847,0.0,0.0
371,2,100,2,1,3,1,3,0.9060539813745847,0.0,0.07147684835193549
372,2,100,2,1,3,1,4,0.9060539813745847,0.0,0.12852315164806452
373,2,100,34,1,3,1,1,0.9060539813745847,0.0,0.2
374,2,100,34,1,3,1,3,0.9060539813745847,0.0,0.27147684835193553
375,2,100,34,1,3,1,4,0.9060539813745847,0.0,0.32852315164806456
376,2,100,2,1,3,1,5,0.9060539813745848,0.0,0.1765055323929465
377,2,100,34,1,3,1,5,0.9060539813745848,0.0,0.37650553239294654
378,2,100,2,1,3,1,2,0.9060539813745851,0.0,0.023494467607053506
379,2,100,34,1,3,1,2,0.9060539813745851,0.0,0.22349446760705355
380,2,100,2,1,4,1,1,1.0964460186254152,0.0,0.0
381,2,100,2,1,4,1,2,1.0964460186254152,0.0,0.023494467607053506
382,2,100,2,1,4,1,3,1.0964460186254152,0.0,0.07147684835193549
383,2,100,2,1,4,1,4,1.0964460186254152,0.0,0.12852315164806452
384,2,100,2,1,4,1,5,1.0964460186254152,0.0,0.1765055323929465
385,2,100,34,1,4,1,1,1.0964460186254152,0.0,0.2
386,2,100,34,1,4,1,2,1.0964460186254152,0.0,0.22349446760705355
387,2,100,34,1,4,1,3,1.0964460186254152,0.0,0.27147684835193553
388,2,100,34,1,4,1,4,1.0964460186254152,0.0,0.32852315164806456
389,2,100,34,1,4,1,5,1.0964460186254152,0.0,0.37650553239294654
390,2,100,2,1,5,1,1,1.2565872143614587,0.0,0.0
391,2,100,2,1,5,1,2,1.2565872143614587,0.0,0.02349446760705351
392,2,100,2,1,5,1,3,1.2565872143614587,0.0,0.0714768483519355
393,2,100,2,1,5,1,4,1.2565872143614587,0.0,0.12852315164806455
394,2,100,2,1,5,1,5,1.2565872143614587,0.0,0.17650553239294653
395,2,100,34,1,5,1,1,1.2565872143614587,0.0,0.20000000000000004
396,2,100,34,1,5,1,2,1.2565872143614587,0.0,0.2234944676070536
397,2,100,34,1,5,1,3,1.2565872143614587,0.0,0.27147684835193553
398,2,100,34,1,5,1,4,1.2565872143614587,0.0,0.3285231516480646
399,2,100,34,1,5,1,5,1.2565872143614587,0.0,0.3765055323929466
